-- INSERT statements for Passengers
INSERT INTO `Passengers` (`Passenger_ID`, `Passenger_Name`, `Contact_Details`, `Ticket_Number`, `Class`, `Seat_Number`) VALUES
(1001, 'Swati Deshmukh', 'manisha.joshi@hotmail.com', 'T34010', 'Economy', '34D'),
(1002, 'Rajesh Kumar', 'amit.sharma@gmail.com', 'T43506', 'First', '8A'),
(1003, 'Rajesh Kumar', 'chetan.bhatt@hotmail.com', 'T16312', 'First', '34B'),
(1004, 'Sneha Iyer', 'amit.sharma@gmail.com', 'T94217', 'First', '35E'),
(1005, 'Swati Deshmukh', 'harish.menon@outlook.com', 'T39746', 'Economy', '31B'),
(1006, 'Suresh Reddy', 'sneha.iyer@yahoo.com', 'T11241', 'First', '28D'),
(1007, 'Varun Nanda', 'vinod.shukla@gmail.com', 'T22764', 'First', '30A'),
(1008, 'Shruti Saxena', 'mohit.kapoor@yahoo.com', 'T12100', 'Economy', '28B'),
(1009, 'Priya Singh', 'mohit.kapoor@rediffmail.com', 'T39106', 'Business', '18F'),
(1010, 'Swati Deshmukh', 'rahul.jain@hotmail.com', 'T10724', 'First', '14C'),
(1011, 'Anjali Yadav', 'rajesh.kumar@outlook.com', 'T34361', 'First', '14C'),
(1012, 'Anjali Yadav', 'tanvi.agrawal@hotmail.com', 'T27699', 'Economy', '19C'),
(1013, 'Amit Sharma', 'rajesh.kumar@rediffmail.com', 'T47304', 'Business', '15E'),
(1014, 'Anita Ghosh', 'ritika.bose@outlook.com', 'T76844', 'First', '32E'),
(1015, 'Pooja Mehta', 'chetan.bhatt@hotmail.com', 'T75706', 'Business', '9D'),
(1016, 'Deepak Choudhary', 'nikhil.bansal@gmail.com', 'T54007', 'Business', '6C'),
(1017, 'Sneha Iyer', 'shruti.saxena@outlook.com', 'T56271', 'Economy', '31C'),
(1018, 'Swati Deshmukh', 'tanvi.agrawal@yahoo.com', 'T28689', 'Economy', '16F'),
(1019, 'Neha Gupta', 'meena.pillai@hotmail.com', 'T80020', 'First', '40C'),
(1020, 'Deepak Choudhary', 'arun.nair@yahoo.com', 'T68088', 'First', '35D'),
(1021, 'Shruti Saxena', 'anita.ghosh@gmail.com', 'T89646', 'Business', '22C'),
(1022, 'Mohit Kapoor', 'pallavi.das@gmail.com', 'T98478', 'First', '29B'),
(1023, 'Tanvi Agrawal', 'manisha.joshi@yahoo.com', 'T34114', 'Business', '31F'),
(1024, 'Harish Menon', 'tanvi.agrawal@yahoo.com', 'T43283', 'Business', '2E'),
(1025, 'Rahul Jain', 'bhavna.chatterjee@gmail.com', 'T83223', 'First', '14B'),
(1026, 'Shruti Saxena', 'shruti.saxena@gmail.com', 'T23895', 'Economy', '26C'),
(1027, 'Vinod Shukla', 'monika.kapoor@outlook.com', 'T65836', 'Business', '8E'),
(1028, 'Deepak Choudhary', 'preeti.kulkarni@hotmail.com', 'T81678', 'Business', '18C'),
(1029, 'Sumit Chauhan', 'abhishek.sinha@hotmail.com', 'T82389', 'Economy', '11E'),
(1030, 'Swati Deshmukh', 'kunal.malhotra@outlook.com', 'T45824', 'Economy', '3B'),
(1031, 'Gaurav Mishra', 'deepti.paul@yahoo.com', 'T62597', 'Business', '15B'),
(1032, 'Arun Nair', 'tanvi.agrawal@rediffmail.com', 'T94980', 'First', '14A'),
(1033, 'Vinod Shukla', 'suresh.reddy@yahoo.com', 'T11050', 'Economy', '40F'),
(1034, 'Deepti Paul', 'pallavi.das@yahoo.com', 'T20394', 'First', '39B'),
(1035, 'Preeti Kulkarni', 'aparna.rao@outlook.com', 'T50992', 'Economy', '22A'),
(1036, 'Vinod Shukla', 'deepak.choudhary@gmail.com', 'T95600', 'Economy', '9A'),
(1037, 'Yogesh Pandey', 'tanvi.agrawal@hotmail.com', 'T92318', 'First', '7D'),
(1038, 'Deepak Choudhary', 'rajesh.kumar@yahoo.com', 'T88517', 'First', '1A'),
(1039, 'Aparna Rao', 'ritika.bose@rediffmail.com', 'T96522', 'Business', '32B'),
(1040, 'Gaurav Mishra', 'ritika.bose@gmail.com', 'T30284', 'Economy', '28E'),
(1041, 'Sumit Chauhan', 'neha.gupta@outlook.com', 'T74599', 'Economy', '16C'),
(1042, 'Simran Kaur', 'monika.kapoor@hotmail.com', 'T78294', 'Business', '21F'),
(1043, 'Preeti Kulkarni', 'arun.nair@hotmail.com', 'T30779', 'Economy', '39B'),
(1044, 'Yogesh Pandey', 'anjali.yadav@outlook.com', 'T89162', 'Business', '24A'),
(1045, 'Ritika Bose', 'bhavna.chatterjee@rediffmail.com', 'T60105', 'First', '26A'),
(1046, 'Yogesh Pandey', 'rohit.patil@hotmail.com', 'T31487', 'First', '10F'),
(1047, 'Tanvi Agrawal', 'harish.menon@hotmail.com', 'T80035', 'First', '17C'),
(1048, 'Vinod Shukla', 'arun.nair@hotmail.com', 'T73152', 'Economy', '40C'),
(1049, 'Sumit Chauhan', 'rakesh.rao@rediffmail.com', 'T24168', 'First', '1A'),
(1050, 'Harish Menon', 'varun.nanda@gmail.com', 'T10821', 'Economy', '10C'),
(1051, 'Meena Pillai', 'deepak.choudhary@rediffmail.com', 'T61843', 'First', '16D'),
(1052, 'Priya Singh', 'harish.menon@outlook.com', 'T60500', 'Business', '5F'),
(1053, 'Ajay Thakur', 'pooja.mehta@yahoo.com', 'T25264', 'Business', '3B'),
(1054, 'Deepak Choudhary', 'harish.menon@yahoo.com', 'T58283', 'First', '17B'),
(1055, 'Rohit Patil', 'abhishek.sinha@gmail.com', 'T54579', 'Business', '36E'),
(1056, 'Chetan Bhatt', 'swati.deshmukh@gmail.com', 'T66208', 'First', '21E'),
(1057, 'Manisha Joshi', 'sneha.iyer@yahoo.com', 'T99120', 'Economy', '21E'),
(1058, 'Anjali Yadav', 'bhavna.chatterjee@yahoo.com', 'T44536', 'Business', '33A'),
(1059, 'Deepak Choudhary', 'rohit.patil@yahoo.com', 'T20167', 'Economy', '14B'),
(1060, 'Chetan Bhatt', 'anita.ghosh@outlook.com', 'T42130', 'Economy', '40F'),
(1061, 'Anjali Yadav', 'manisha.joshi@gmail.com', 'T44092', 'First', '8C'),
(1062, 'Anita Ghosh', 'nikhil.bansal@outlook.com', 'T92869', 'Economy', '16C'),
(1063, 'Rahul Jain', 'vivek.rathi@outlook.com', 'T21090', 'First', '15B'),
(1064, 'Simran Kaur', 'vinod.shukla@hotmail.com', 'T66802', 'Economy', '17E'),
(1065, 'Kunal Malhotra', 'pallavi.das@gmail.com', 'T85829', 'Economy', '24F'),
(1066, 'Sneha Iyer', 'ritika.bose@gmail.com', 'T78746', 'Business', '26F'),
(1067, 'Arun Nair', 'priya.singh@gmail.com', 'T34584', 'First', '39F'),
(1068, 'Amit Sharma', 'vikram.verma@hotmail.com', 'T71703', 'First', '5A'),
(1069, 'Varun Nanda', 'priya.singh@yahoo.com', 'T43318', 'Economy', '17B'),
(1070, 'Nikhil Bansal', 'vikram.verma@outlook.com', 'T43397', 'Economy', '39A'),
(1071, 'Rajesh Kumar', 'rakesh.rao@rediffmail.com', 'T70199', 'Business', '8D'),
(1072, 'Yogesh Pandey', 'tanvi.agrawal@rediffmail.com', 'T67239', 'First', '14C'),
(1073, 'Preeti Kulkarni', 'simran.kaur@gmail.com', 'T78772', 'Business', '6C'),
(1074, 'Anjali Yadav', 'kunal.malhotra@hotmail.com', 'T94171', 'First', '1B'),
(1075, 'Preeti Kulkarni', 'preeti.kulkarni@rediffmail.com', 'T41028', 'Economy', '27B'),
(1076, 'Pallavi Das', 'rajesh.kumar@outlook.com', 'T29449', 'Economy', '19C'),
(1077, 'Vikram Verma', 'vivek.rathi@outlook.com', 'T76884', 'Economy', '30C'),
(1078, 'Suresh Reddy', 'rakesh.rao@hotmail.com', 'T52523', 'First', '21D'),
(1079, 'Arun Nair', 'komal.shah@gmail.com', 'T60361', 'Economy', '4F'),
(1080, 'Deepti Paul', 'pooja.mehta@yahoo.com', 'T13517', 'Business', '15A'),
(1081, 'Rohit Patil', 'pooja.mehta@gmail.com', 'T96556', 'First', '20B'),
(1082, 'Nikhil Bansal', 'vinod.shukla@outlook.com', 'T30077', 'Business', '35B'),
(1083, 'Rajesh Kumar', 'sneha.iyer@gmail.com', 'T44249', 'Business', '22C'),
(1084, 'Kunal Malhotra', 'manisha.joshi@hotmail.com', 'T47457', 'First', '6D'),
(1085, 'Pallavi Das', 'nikhil.bansal@outlook.com', 'T94259', 'Economy', '13A'),
(1086, 'Rakesh Rao', 'arun.nair@rediffmail.com', 'T31123', 'Economy', '34C'),
(1087, 'Preeti Kulkarni', 'anjali.yadav@gmail.com', 'T74866', 'Economy', '12D'),
(1088, 'Kunal Malhotra', 'vinod.shukla@hotmail.com', 'T95868', 'Business', '2B'),
(1089, 'Bhavna Chatterjee', 'abhishek.sinha@gmail.com', 'T86837', 'Business', '23F'),
(1090, 'Arun Nair', 'sumit.chauhan@hotmail.com', 'T46123', 'First', '8D'),
(1091, 'Aparna Rao', 'rahul.jain@rediffmail.com', 'T93588', 'Economy', '33A'),
(1092, 'Yogesh Pandey', 'tanvi.agrawal@outlook.com', 'T39456', 'Economy', '17C'),
(1093, 'Rajesh Kumar', 'monika.kapoor@outlook.com', 'T26609', 'First', '1A'),
(1094, 'Rakesh Rao', 'rahul.jain@yahoo.com', 'T73205', 'Economy', '40E'),
(1095, 'Bhavna Chatterjee', 'ajay.thakur@yahoo.com', 'T71479', 'Economy', '31D'),
(1096, 'Rohit Patil', 'suresh.reddy@yahoo.com', 'T48815', 'Business', '7A'),
(1097, 'Aparna Rao', 'kunal.malhotra@hotmail.com', 'T89082', 'Business', '39B'),
(1098, 'Abhishek Sinha', 'swati.deshmukh@hotmail.com', 'T45564', 'Economy', '27B'),
(1099, 'Ritika Bose', 'simran.kaur@hotmail.com', 'T61628', 'Economy', '34A'),
(1100, 'Pallavi Das', 'gaurav.mishra@gmail.com', 'T60753', 'First', '37C'),
(1101, 'Neha Gupta', 'amit.sharma@hotmail.com', 'T66192', 'First', '35B'),
(1102, 'Ritika Bose', 'mohit.kapoor@gmail.com', 'T61311', 'First', '31C'),
(1103, 'Manisha Joshi', 'bhavna.chatterjee@yahoo.com', 'T66153', 'First', '14B'),
(1104, 'Anita Ghosh', 'priya.singh@yahoo.com', 'T83156', 'First', '21F'),
(1105, 'Yogesh Pandey', 'chetan.bhatt@yahoo.com', 'T31690', 'Business', '23D'),
(1106, 'Anjali Yadav', 'sneha.iyer@yahoo.com', 'T59367', 'First', '31A'),
(1107, 'Swati Deshmukh', 'monika.kapoor@gmail.com', 'T77975', 'Business', '31F');

-- INSERT statements for Flights
INSERT INTO `Flights` (`Flight_Number`, `Route`, `Destination`, `Departure_Time`, `Arrival_Time`, `Gate_Assignment`, `Delay_Status`, `Airline_Code`) VALUES
('AI741', 'Allahabad - Delhi', 'Pune', '2024-02-15 14:11:00', '2024-02-15 11:48:00', 'B10', 'Cancelled', 'AI85'),
('AI311', 'Bangalore - Nashik', 'Lucknow', '2024-02-15 06:14:00', '2024-02-15 17:34:00', 'B8', 'On Time', 'AI60'),
('AI596', 'Bhubaneswar - Chandigarh', 'Chennai', '2024-02-15 01:38:00', '2024-02-15 19:27:00', 'A4', 'Delayed', 'AI10'),
('AI509', 'Jodhpur - Kolkata', 'Indore', '2024-02-15 08:55:00', '2024-02-15 14:12:00', 'D4', 'On Time', 'AI12'),
('AI458', 'Rajkot - Coimbatore', 'Dehradun', '2024-02-15 02:23:00', '2024-02-15 10:28:00', 'D9', 'Cancelled', 'AI13'),
('AI586', 'Vijayawada - Srinagar', 'Ludhiana', '2024-02-15 06:36:00', '2024-02-15 06:33:00', 'B3', 'Delayed', 'AI83'),
('AI729', 'Ludhiana - Vadodara', 'Patna', '2024-02-15 21:25:00', '2024-02-15 04:55:00', 'D7', 'Cancelled', 'AI91'),
('AI788', 'Meerut - Agra', 'Bangalore', '2024-02-15 02:22:00', '2024-02-15 21:18:00', 'B5', 'On Time', 'AI59'),
('AI167', 'Jodhpur - Bhopal', 'Kochi', '2024-02-15 14:18:00', '2024-02-15 04:43:00', 'B8', 'Delayed', 'AI28'),
('AI166', 'Rajkot - Srinagar', 'Lucknow', '2024-02-15 17:39:00', '2024-02-15 03:57:00', 'B4', 'Cancelled', 'AI96'),
('AI518', 'Nagpur - Nagpur', 'Jaipur', '2024-02-15 22:32:00', '2024-02-15 00:23:00', 'E1', 'On Time', 'AI66'),
('AI345', 'Guwahati - Nagpur', 'Ludhiana', '2024-02-15 23:49:00', '2024-02-15 16:20:00', 'B4', 'Cancelled', 'AI96'),
('AI577', 'Meerut - Chennai', 'Patna', '2024-02-15 00:36:00', '2024-02-15 08:11:00', 'D8', 'On Time', 'AI83'),
('AI707', 'Varanasi - Coimbatore', 'Pune', '2024-02-15 19:51:00', '2024-02-15 15:49:00', 'C7', 'Delayed', 'AI45'),
('AI399', 'Bhopal - Srinagar', 'Hyderabad', '2024-02-15 22:16:00', '2024-02-15 14:35:00', 'D6', 'Cancelled', 'AI14'),
('AI562', 'Chennai - Raipur', 'Ranchi', '2024-02-15 06:22:00', '2024-02-15 20:19:00', 'C7', 'On Time', 'AI84'),
('AI829', 'Bhubaneswar - Patna', 'Chennai', '2024-02-15 01:55:00', '2024-02-15 20:19:00', 'D3', 'On Time', 'AI28'),
('AI987', 'Srinagar - Meerut', 'Mysore', '2024-02-15 10:34:00', '2024-02-15 13:34:00', 'B1', 'Cancelled', 'AI48'),
('AI895', 'Delhi - Vadodara', 'Kochi', '2024-02-15 23:24:00', '2024-02-15 10:46:00', 'C5', 'Delayed', 'AI85'),
('AI316', 'Rajkot - Chandigarh', 'Ahmedabad', '2024-02-15 06:49:00', '2024-02-15 17:22:00', 'A1', 'Delayed', 'AI96'),
('AI395', 'Indore - Pune', 'Jaipur', '2024-02-15 14:39:00', '2024-02-15 05:36:00', 'B8', 'Delayed', 'AI70'),
('AI670', 'Pune - Pune', 'Chennai', '2024-02-15 16:15:00', '2024-02-15 22:26:00', 'E8', 'On Time', 'AI80'),
('AI503', 'Vijayawada - Delhi', 'Nashik', '2024-02-15 05:24:00', '2024-02-15 21:22:00', 'E9', 'Cancelled', 'AI19'),
('AI135', 'Pune - Hyderabad', 'Guwahati', '2024-02-15 20:37:00', '2024-02-15 05:26:00', 'C3', 'Delayed', 'AI71'),
('AI967', 'Bangalore - Nashik', 'Amritsar', '2024-02-15 12:15:00', '2024-02-15 12:42:00', 'D8', 'Delayed', 'AI75'),
('AI353', 'Chandigarh - Srinagar', 'Nagpur', '2024-02-15 21:41:00', '2024-02-15 05:30:00', 'A2', 'Delayed', 'AI65'),
('AI123', 'Guwahati - Delhi', 'Surat', '2024-02-15 04:19:00', '2024-02-15 23:22:00', 'E8', 'Cancelled', 'AI99'),
('AI956', 'Agra - Chandigarh', 'Lucknow', '2024-02-15 20:58:00', '2024-02-15 23:58:00', 'C4', 'Delayed', 'AI83'),
('AI984', 'Kolkata - Dehradun', 'Varanasi', '2024-02-15 17:32:00', '2024-02-15 17:47:00', 'B5', 'On Time', 'AI39'),
('AI123149', 'Dehradun - Chennai', 'Ahmedabad', '2024-02-15 05:54:00', '2024-02-15 18:43:00', 'C6', 'Cancelled', 'AI32'),
('AI884', 'Coimbatore - Allahabad', 'Nagpur', '2024-02-15 18:32:00', '2024-02-15 10:37:00', 'C6', 'Delayed', 'AI54'),
('AI969', 'Lucknow - Kolkata', 'Nashik', '2024-02-15 10:36:00', '2024-02-15 07:55:00', 'D5', 'Delayed', 'AI85'),
('AI749', 'Nagpur - Allahabad', 'Ranchi', '2024-02-15 04:14:00', '2024-02-15 15:41:00', 'A4', 'Cancelled', 'AI25'),
('AI103', 'Kanpur - Kanpur', 'Nagpur', '2024-02-15 16:55:00', '2024-02-15 17:49:00', 'C4', 'Cancelled', 'AI15'),
('AI990', 'Patna - Mumbai', 'Agra', '2024-02-15 13:40:00', '2024-02-15 20:52:00', 'A2', 'On Time', 'AI85'),
('AI310', 'Agra - Kochi', 'Allahabad', '2024-02-15 09:30:00', '2024-02-15 11:46:00', 'E9', 'Cancelled', 'AI81'),
('AI543', 'Jodhpur - Patna', 'Meerut', '2024-02-15 05:58:00', '2024-02-15 18:47:00', 'B2', 'Delayed', 'AI31'),
('AI733', 'Hyderabad - Bhubaneswar', 'Mysore', '2024-02-15 03:21:00', '2024-02-15 13:15:00', 'C4', 'Cancelled', 'AI79'),
('AI667', 'Delhi - Pune', 'Amritsar', '2024-02-15 00:40:00', '2024-02-15 00:34:00', 'D4', 'On Time', 'AI72'),
('AI863', 'Meerut - Nagpur', 'Amritsar', '2024-02-15 14:19:00', '2024-02-15 08:11:00', 'E5', 'Delayed', 'AI21'),
('AI208', 'Jodhpur - Chennai', 'Jodhpur', '2024-02-15 16:37:00', '2024-02-15 20:58:00', 'D10', 'On Time', 'AI47'),
('AI672', 'Mysore - Mumbai', 'Amritsar', '2024-02-15 15:44:00', '2024-02-15 09:22:00', 'B1', 'On Time', 'AI43'),
('AI882', 'Chennai - Chandigarh', 'Lucknow', '2024-02-15 03:41:00', '2024-02-15 22:47:00', 'E3', 'Cancelled', 'AI43'),
('AI765', 'Agra - Agra', 'Ranchi', '2024-02-15 21:15:00', '2024-02-15 17:46:00', 'D10', 'Cancelled', 'AI84'),
('AI558', 'Surat - Kochi', 'Mumbai', '2024-02-15 06:32:00', '2024-02-15 12:30:00', 'A7', 'Delayed', 'AI27'),
('AI712', 'Mysore - Kochi', 'Varanasi', '2024-02-15 02:31:00', '2024-02-15 10:26:00', 'D5', 'Cancelled', 'AI31'),
('AI492', 'Ahmedabad - Delhi', 'Varanasi', '2024-02-15 00:53:00', '2024-02-15 02:48:00', 'A10', 'On Time', 'AI95'),
('AI269', 'Allahabad - Kochi', 'Raipur', '2024-02-15 18:52:00', '2024-02-15 13:15:00', 'A10', 'Cancelled', 'AI99'),
('AI177', 'Jodhpur - Delhi', 'Amritsar', '2024-02-15 11:46:00', '2024-02-15 10:18:00', 'B1', 'Cancelled', 'AI14'),
('AI321', 'Rajkot - Srinagar', 'Surat', '2024-02-15 09:24:00', '2024-02-15 02:22:00', 'B10', 'Delayed', 'AI68'),
('AI627', 'Meerut - Vadodara', 'Indore', '2024-02-15 23:11:00', '2024-02-15 06:24:00', 'B3', 'Delayed', 'AI66'),
('AI775', 'Pune - Surat', 'Coimbatore', '2024-02-15 03:25:00', '2024-02-15 00:16:00', 'C1', 'Delayed', 'AI72'),
('AI423', 'Varanasi - Vijayawada', 'Srinagar', '2024-02-15 12:20:00', '2024-02-15 10:41:00', 'B5', 'Delayed', 'AI34'),
('AI638', 'Surat - Meerut', 'Chandigarh', '2024-02-15 20:39:00', '2024-02-15 02:45:00', 'B9', 'Delayed', 'AI94'),
('AI329', 'Agra - Coimbatore', 'Amritsar', '2024-02-15 09:12:00', '2024-02-15 00:11:00', 'E7', 'On Time', 'AI25'),
('AI572', 'Jaipur - Bangalore', 'Guwahati', '2024-02-15 06:37:00', '2024-02-15 14:35:00', 'D7', 'Delayed', 'AI13'),
('AI542', 'Srinagar - Bhubaneswar', 'Srinagar', '2024-02-15 08:58:00', '2024-02-15 13:50:00', 'E8', 'Cancelled', 'AI19'),
('AI864', 'Surat - Ludhiana', 'Lucknow', '2024-02-15 19:58:00', '2024-02-15 06:16:00', 'D1', 'Cancelled', 'AI22'),
('AI352', 'Lucknow - Raipur', 'Pune', '2024-02-15 07:54:00', '2024-02-15 23:59:00', 'A10', 'On Time', 'AI48'),
('AI284', 'Jaipur - Raipur', 'Kolkata', '2024-02-15 03:42:00', '2024-02-15 13:21:00', 'E8', 'On Time', 'AI99'),
('AI270', 'Allahabad - Kochi', 'Surat', '2024-02-15 08:18:00', '2024-02-15 04:15:00', 'D7', 'Cancelled', 'AI68'),
('AI199', 'Jodhpur - Amritsar', 'Bangalore', '2024-02-15 20:55:00', '2024-02-15 09:32:00', 'E5', 'Cancelled', 'AI84'),
('AI652', 'Srinagar - Jaipur', 'Jaipur', '2024-02-15 22:57:00', '2024-02-15 06:21:00', 'A6', 'Delayed', 'AI47'),
('AI148', 'Indore - Kochi', 'Meerut', '2024-02-15 17:28:00', '2024-02-15 13:19:00', 'D7', 'Delayed', 'AI72'),
('AI604', 'Nagpur - Agra', 'Chennai', '2024-02-15 07:39:00', '2024-02-15 02:17:00', 'E10', 'Delayed', 'AI60'),
('AI463', 'Patna - Delhi', 'Pune', '2024-02-15 16:58:00', '2024-02-15 08:55:00', 'B1', 'Delayed', 'AI45'),
('AI630', 'Rajkot - Jaipur', 'Vijayawada', '2024-02-15 06:12:00', '2024-02-15 09:11:00', 'A9', 'On Time', 'AI44'),
('AI489', 'Rajkot - Jodhpur', 'Meerut', '2024-02-15 23:44:00', '2024-02-15 13:12:00', 'D9', 'Cancelled', 'AI11'),
('AI747', 'Delhi - Dehradun', 'Vadodara', '2024-02-15 14:15:00', '2024-02-15 18:18:00', 'A3', 'Delayed', 'AI99'),
('AI331', 'Patna - Ranchi', 'Guwahati', '2024-02-15 12:50:00', '2024-02-15 12:58:00', 'E1', 'Delayed', 'AI35'),
('AI391', 'Ahmedabad - Agra', 'Vijayawada', '2024-02-15 10:42:00', '2024-02-15 17:28:00', 'D7', 'Delayed', 'AI80'),
('AI809', 'Bangalore - Nashik', 'Bangalore', '2024-02-15 12:38:00', '2024-02-15 21:12:00', 'B6', 'Cancelled', 'AI64'),
('AI304', 'Ahmedabad - Ludhiana', 'Meerut', '2024-02-15 22:21:00', '2024-02-15 22:22:00', 'B10', 'Delayed', 'AI39'),
('AI243', 'Kolkata - Kochi', 'Chennai', '2024-02-15 14:44:00', '2024-02-15 11:10:00', 'C6', 'Cancelled', 'AI78'),
('AI939', 'Chandigarh - Agra', 'Ludhiana', '2024-02-15 21:46:00', '2024-02-15 04:33:00', 'A9', 'Cancelled', 'AI12'),
('AI556', 'Lucknow - Meerut', 'Coimbatore', '2024-02-15 09:46:00', '2024-02-15 04:12:00', 'A10', 'Delayed', 'AI11'),
('AI307', 'Jodhpur - Ahmedabad', 'Dehradun', '2024-02-15 21:31:00', '2024-02-15 03:12:00', 'D9', 'Cancelled', 'AI62'),
('AI472', 'Surat - Guwahati', 'Coimbatore', '2024-02-15 16:43:00', '2024-02-15 02:40:00', 'C9', 'On Time', 'AI42'),
('AI981', 'Raipur - Surat', 'Amritsar', '2024-02-15 11:22:00', '2024-02-15 23:56:00', 'C2', 'Cancelled', 'AI83'),
('AI198', 'Hyderabad - Nashik', 'Kanpur', '2024-02-15 03:18:00', '2024-02-15 22:31:00', 'E2', 'On Time', 'AI64'),
('AI876', 'Delhi - Nashik', 'Ludhiana', '2024-02-15 04:53:00', '2024-02-15 11:27:00', 'A4', 'Delayed', 'AI56'),
('AI464', 'Amritsar - Vijayawada', 'Kanpur', '2024-02-15 04:53:00', '2024-02-15 01:53:00', 'A2', 'Cancelled', 'AI71'),
('AI134', 'Delhi - Chennai', 'Bhubaneswar', '2024-02-15 13:34:00', '2024-02-15 23:12:00', 'A9', 'On Time', 'AI22'),
('AI498', 'Vadodara - Delhi', 'Bhopal', '2024-02-15 14:25:00', '2024-02-15 02:58:00', 'C4', 'Cancelled', 'AI56'),
('AI603', 'Srinagar - Coimbatore', 'Surat', '2024-02-15 22:20:00', '2024-02-15 04:17:00', 'B9', 'Cancelled', 'AI60'),
('AI668', 'Lucknow - Guwahati', 'Mumbai', '2024-02-15 15:50:00', '2024-02-15 15:32:00', 'B4', 'Cancelled', 'AI68'),
('AI279', 'Ludhiana - Varanasi', 'Jodhpur', '2024-02-15 19:29:00', '2024-02-15 16:30:00', 'A2', 'On Time', 'AI36'),
('AI925', 'Indore - Amritsar', 'Nashik', '2024-02-15 17:30:00', '2024-02-15 01:10:00', 'B4', 'Delayed', 'AI85'),
('AI435', 'Indore - Vadodara', 'Ahmedabad', '2024-02-15 18:14:00', '2024-02-15 13:32:00', 'A9', 'Delayed', 'AI54'),
('AI144', 'Ahmedabad - Jodhpur', 'Agra', '2024-02-15 17:10:00', '2024-02-15 08:18:00', 'A1', 'On Time', 'AI61'),
('AI188', 'Srinagar - Bangalore', 'Kochi', '2024-02-15 16:37:00', '2024-02-15 01:38:00', 'B4', 'Delayed', 'AI46'),
('AI207', 'Indore - Lucknow', 'Indore', '2024-02-15 04:31:00', '2024-02-15 14:21:00', 'D3', 'Delayed', 'AI95'),
('AI141', 'Kochi - Lucknow', 'Meerut', '2024-02-15 22:55:00', '2024-02-15 18:12:00', 'C5', 'Delayed', 'AI19'),
('AI180', 'Patna - Raipur', 'Chennai', '2024-02-15 19:50:00', '2024-02-15 02:53:00', 'C1', 'Cancelled', 'AI98'),
('AI639', 'Guwahati - Surat', 'Kochi', '2024-02-15 08:57:00', '2024-02-15 17:59:00', 'D9', 'Cancelled', 'AI31'),
('AI856', 'Chandigarh - Chennai', 'Jodhpur', '2024-02-15 21:30:00', '2024-02-15 19:42:00', 'B7', 'Cancelled', 'AI78'),
('AI795', 'Kolkata - Coimbatore', 'Bhubaneswar', '2024-02-15 09:25:00', '2024-02-15 18:30:00', 'B10', 'Delayed', 'AI81'),
('AI976', 'Kanpur - Chennai', 'Pune', '2024-02-15 12:19:00', '2024-02-15 17:48:00', 'B9', 'Delayed', 'AI89'),
('AI925587', 'Srinagar - Surat', 'Lucknow', '2024-02-15 08:42:00', '2024-02-15 00:55:00', 'C3', 'Cancelled', 'AI11'),
('AI564', 'Kochi - Coimbatore', 'Chandigarh', '2024-02-15 04:49:00', '2024-02-15 06:36:00', 'B10', 'Cancelled', 'AI80'),
('AI655', 'Delhi - Hyderabad', 'Mysore', '2024-02-15 08:47:00', '2024-02-15 16:58:00', 'B3', 'Cancelled', 'AI83'),
('AI102', 'Coimbatore - Ranchi', 'Ranchi', '2024-02-15 18:22:00', '2024-02-15 16:42:00', 'A8', 'Delayed', 'AI34'),
('AI592', 'Amritsar - Surat', 'Bhubaneswar', '2024-02-15 15:22:00', '2024-02-15 21:52:00', 'E1', 'On Time', 'AI20'),
('AI627500', 'Surat - Srinagar', 'Hyderabad', '2024-02-15 09:32:00', '2024-02-15 05:38:00', 'C4', 'On Time', 'AI60'),
('AI503722', 'Lucknow - Vadodara', 'Dehradun', '2024-02-15 13:24:00', '2024-02-15 16:23:00', 'B2', 'On Time', 'AI22'),
('AI353644', 'Bhubaneswar - Kolkata', 'Chandigarh', '2024-02-15 18:57:00', '2024-02-15 03:18:00', 'A6', 'On Time', 'AI71'),
('AI489931', 'Chandigarh - Bangalore', 'Meerut', '2024-02-15 08:44:00', '2024-02-15 16:52:00', 'C4', 'Cancelled', 'AI96'),
('AI266', 'Allahabad - Bangalore', 'Chennai', '2024-02-15 21:59:00', '2024-02-15 16:42:00', 'B6', 'On Time', 'AI21'),
('AI315', 'Bhubaneswar - Lucknow', 'Mumbai', '2024-02-15 14:17:00', '2024-02-15 22:10:00', 'A3', 'Cancelled', 'AI99'),
('AI577451', 'Bangalore - Delhi', 'Varanasi', '2024-02-15 03:56:00', '2024-02-15 19:34:00', 'B6', 'Cancelled', 'AI35'),
('AI165', 'Surat - Indore', 'Patna', '2024-02-15 14:25:00', '2024-02-15 06:55:00', 'D7', 'On Time', 'AI64');

-- INSERT statements for Airlines
INSERT INTO `Airlines` (`Airline_Code`, `Airline_Name`, `Fleet_Size`) VALUES
('AI98', 'Air India', 254),
('AI78', 'IndiGo', 272),
('AI66', 'Air India', 223),
('AI54', 'GoAir', 225),
('AI15', 'SpiceJet', 212),
('AI79', 'GoAir', 165),
('AI11', 'IndiGo', 134),
('AI19', 'Air India', 293),
('AI10', 'GoAir', 279),
('AI56', 'GoAir', 164),
('AI53', 'IndiGo', 55),
('AI49', 'IndiGo', 127),
('AI44', 'GoAir', 299),
('AI18', 'Air India', 217),
('AI80', 'SpiceJet', 199),
('AI75', 'SpiceJet', 215),
('AI68', 'Air India', 119),
('AI28', 'SpiceJet', 104),
('AI87', 'IndiGo', 238),
('AI36', 'IndiGo', 260),
('AI13', 'Vistara', 288),
('AI69', 'Vistara', 127),
('AI71', 'Vistara', 134),
('AI47', 'IndiGo', 70),
('AI72', 'Air India', 235),
('AI89', 'GoAir', 242),
('AI14', 'SpiceJet', 287),
('AI48', 'IndiGo', 147),
('AI45', 'Air India', 225),
('AI91', 'GoAir', 204),
('AI35', 'Air India', 115),
('AI12', 'Vistara', 211),
('AI61', 'SpiceJet', 75),
('AI86', 'IndiGo', 107),
('AI70', 'IndiGo', 74),
('AI57', 'Vistara', 137),
('AI95', 'SpiceJet', 297),
('AI22', 'AirAsia India', 196),
('AI39', 'AirAsia India', 285),
('AI31', 'Air India', 132),
('AI25', 'SpiceJet', 138),
('AI20', 'AirAsia India', 173),
('AI46', 'GoAir', 132),
('AI99', 'Air India', 191),
('AI21', 'GoAir', 58),
('AI62', 'IndiGo', 54),
('AI84', 'SpiceJet', 231),
('AI81', 'AirAsia India', 213),
('AI97', 'GoAir', 219),
('AI64', 'Air India', 69),
('AI60', 'Vistara', 111),
('AI42', 'AirAsia India', 117),
('AI76', 'Air India', 136),
('AI85', 'AirAsia India', 161),
('AI65', 'SpiceJet', 296),
('AI96', 'SpiceJet', 122),
('AI34', 'Air India', 84),
('AI94', 'AirAsia India', 280),
('AI73', 'Vistara', 80),
('AI83', 'Air India', 212),
('AI32', 'AirAsia India', 149),
('AI26', 'IndiGo', 141),
('AI43', 'IndiGo', 121),
('AI59', 'SpiceJet', 269),
('AI27', 'IndiGo', 162),
('AI82', 'Air India', 105);

-- INSERT statements for Employees
INSERT INTO `Employees` (`Employee_ID`, `Employee_Name`, `Role`, `Shift`, `Security_Clearance_Level`) VALUES
(3001, 'Sumit Chauhan', 'Cabin Crew', 'Morning', 'High'),
(3002, 'Amit Sharma', 'Cabin Crew', 'Morning', 'High'),
(3003, 'Manisha Joshi', 'Security', 'Morning', 'High'),
(3004, 'Yogesh Pandey', 'Pilot', 'Evening', 'Low'),
(3005, 'Amit Sharma', 'Ground Staff', 'Night', 'High'),
(3006, 'Simran Kaur', 'Cabin Crew', 'Evening', 'Low'),
(3007, 'Meena Pillai', 'Cabin Crew', 'Night', 'Medium'),
(3008, 'Vinod Shukla', 'Ground Staff', 'Night', 'Low'),
(3009, 'Deepak Choudhary', 'Cabin Crew', 'Night', 'Low'),
(3010, 'Sumit Chauhan', 'Security', 'Night', 'High'),
(3011, 'Aparna Rao', 'Pilot', 'Evening', 'High'),
(3012, 'Simran Kaur', 'Cabin Crew', 'Night', 'High'),
(3013, 'Gaurav Mishra', 'Pilot', 'Evening', 'High'),
(3014, 'Gaurav Mishra', 'Security', 'Evening', 'Medium'),
(3015, 'Rakesh Rao', 'Security', 'Morning', 'High'),
(3016, 'Amit Sharma', 'Cabin Crew', 'Night', 'High'),
(3017, 'Shruti Saxena', 'Pilot', 'Night', 'Low'),
(3018, 'Vinod Shukla', 'Pilot', 'Morning', 'Low'),
(3019, 'Komal Shah', 'Cabin Crew', 'Morning', 'Low'),
(3020, 'Rajesh Kumar', 'Cabin Crew', 'Evening', 'Low'),
(3021, 'Amit Sharma', 'Ground Staff', 'Night', 'Low'),
(3022, 'Harish Menon', 'Cabin Crew', 'Morning', 'Medium'),
(3023, 'Nikhil Bansal', 'Ground Staff', 'Morning', 'Medium'),
(3024, 'Sneha Iyer', 'Pilot', 'Evening', 'Low'),
(3025, 'Varun Nanda', 'Cabin Crew', 'Night', 'High'),
(3026, 'Rakesh Rao', 'Pilot', 'Evening', 'Medium'),
(3027, 'Yogesh Pandey', 'Security', 'Morning', 'High'),
(3028, 'Shruti Saxena', 'Ground Staff', 'Morning', 'High'),
(3029, 'Amit Sharma', 'Security', 'Morning', 'Medium'),
(3030, 'Mohit Kapoor', 'Cabin Crew', 'Night', 'Medium'),
(3031, 'Arun Nair', 'Pilot', 'Evening', 'Medium'),
(3032, 'Vinod Shukla', 'Cabin Crew', 'Morning', 'High'),
(3033, 'Monika Kapoor', 'Pilot', 'Morning', 'Medium'),
(3034, 'Ajay Thakur', 'Security', 'Evening', 'Medium'),
(3035, 'Sumit Chauhan', 'Cabin Crew', 'Night', 'Low'),
(3036, 'Neha Gupta', 'Security', 'Evening', 'High'),
(3037, 'Swati Deshmukh', 'Pilot', 'Morning', 'Medium'),
(3038, 'Vinod Shukla', 'Ground Staff', 'Night', 'Medium'),
(3039, 'Vikram Verma', 'Pilot', 'Morning', 'Low'),
(3040, 'Vikram Verma', 'Ground Staff', 'Night', 'Medium'),
(3041, 'Preeti Kulkarni', 'Ground Staff', 'Evening', 'Low'),
(3042, 'Priya Singh', 'Security', 'Night', 'Medium'),
(3043, 'Pooja Mehta', 'Cabin Crew', 'Night', 'High'),
(3044, 'Pooja Mehta', 'Ground Staff', 'Night', 'Medium'),
(3045, 'Neha Gupta', 'Ground Staff', 'Morning', 'Medium'),
(3046, 'Sneha Iyer', 'Ground Staff', 'Morning', 'Medium'),
(3047, 'Rajesh Kumar', 'Cabin Crew', 'Night', 'Low'),
(3048, 'Rahul Jain', 'Pilot', 'Night', 'High'),
(3049, 'Vivek Rathi', 'Ground Staff', 'Evening', 'High'),
(3050, 'Varun Nanda', 'Security', 'Evening', 'Medium'),
(3051, 'Deepti Paul', 'Security', 'Evening', 'Low'),
(3052, 'Shruti Saxena', 'Ground Staff', 'Night', 'High'),
(3053, 'Kunal Malhotra', 'Ground Staff', 'Night', 'Low'),
(3054, 'Amit Sharma', 'Security', 'Evening', 'Medium'),
(3055, 'Vinod Shukla', 'Ground Staff', 'Evening', 'Medium'),
(3056, 'Mohit Kapoor', 'Ground Staff', 'Evening', 'Low'),
(3057, 'Vikram Verma', 'Cabin Crew', 'Evening', 'Low'),
(3058, 'Deepti Paul', 'Security', 'Night', 'High'),
(3059, 'Yogesh Pandey', 'Cabin Crew', 'Evening', 'High'),
(3060, 'Deepti Paul', 'Security', 'Evening', 'Low'),
(3061, 'Sumit Chauhan', 'Pilot', 'Evening', 'Medium'),
(3062, 'Monika Kapoor', 'Ground Staff', 'Night', 'Low'),
(3063, 'Anjali Yadav', 'Security', 'Night', 'Low'),
(3064, 'Sumit Chauhan', 'Security', 'Evening', 'Medium'),
(3065, 'Vikram Verma', 'Pilot', 'Night', 'Medium'),
(3066, 'Pallavi Das', 'Ground Staff', 'Night', 'Low'),
(3067, 'Rajesh Kumar', 'Security', 'Night', 'High'),
(3068, 'Preeti Kulkarni', 'Security', 'Morning', 'Medium'),
(3069, 'Priya Singh', 'Pilot', 'Night', 'Low'),
(3070, 'Preeti Kulkarni', 'Pilot', 'Evening', 'Low'),
(3071, 'Ajay Thakur', 'Ground Staff', 'Evening', 'Medium'),
(3072, 'Pooja Mehta', 'Ground Staff', 'Night', 'Medium'),
(3073, 'Yogesh Pandey', 'Ground Staff', 'Morning', 'Low'),
(3074, 'Neha Gupta', 'Ground Staff', 'Morning', 'Low'),
(3075, 'Rahul Jain', 'Security', 'Morning', 'Low'),
(3076, 'Bhavna Chatterjee', 'Ground Staff', 'Night', 'Low'),
(3077, 'Komal Shah', 'Security', 'Night', 'High'),
(3078, 'Simran Kaur', 'Ground Staff', 'Night', 'Low'),
(3079, 'Varun Nanda', 'Pilot', 'Evening', 'High'),
(3080, 'Deepti Paul', 'Cabin Crew', 'Evening', 'High'),
(3081, 'Anjali Yadav', 'Security', 'Night', 'Low'),
(3082, 'Suresh Reddy', 'Cabin Crew', 'Morning', 'Low'),
(3083, 'Tanvi Agrawal', 'Security', 'Night', 'High'),
(3084, 'Komal Shah', 'Ground Staff', 'Morning', 'High'),
(3085, 'Vinod Shukla', 'Ground Staff', 'Night', 'Low'),
(3086, 'Vivek Rathi', 'Security', 'Evening', 'Medium'),
(3087, 'Pooja Mehta', 'Cabin Crew', 'Night', 'Low'),
(3088, 'Mohit Kapoor', 'Ground Staff', 'Night', 'High'),
(3089, 'Monika Kapoor', 'Ground Staff', 'Night', 'High'),
(3090, 'Suresh Reddy', 'Cabin Crew', 'Evening', 'High'),
(3091, 'Mohit Kapoor', 'Security', 'Night', 'Medium'),
(3092, 'Neha Gupta', 'Security', 'Morning', 'High'),
(3093, 'Pooja Mehta', 'Ground Staff', 'Night', 'High'),
(3094, 'Ritika Bose', 'Cabin Crew', 'Night', 'Low'),
(3095, 'Komal Shah', 'Ground Staff', 'Night', 'High'),
(3096, 'Ajay Thakur', 'Pilot', 'Evening', 'Medium'),
(3097, 'Amit Sharma', 'Ground Staff', 'Night', 'Low'),
(3098, 'Simran Kaur', 'Ground Staff', 'Evening', 'Medium'),
(3099, 'Neha Gupta', 'Ground Staff', 'Evening', 'Low');

-- INSERT statements for Baggage
INSERT INTO `Baggage` (`Baggage_ID`, `Passenger_ID`, `Flight_ID`, `Scanned_Location`, `Lost_Status`) VALUES
(1, 1020, 4, 'Transit', 0),
(2, 1088, 106, 'Arrival', 0),
(3, 1009, 15, 'Check-in', 1),
(4, 1012, 30, 'Arrival', 1),
(5, 1089, 13, 'Check-in', 0),
(6, 1050, 92, 'Arrival', 1),
(7, 1022, 21, 'Transit', 0),
(8, 1018, 83, 'Arrival', 1),
(9, 1034, 34, 'Check-in', 0),
(10, 1107, 69, 'Check-in', 0),
(11, 1082, 48, 'Transit', 0),
(12, 1003, 59, 'Check-in', 0),
(13, 1062, 89, 'Transit', 0),
(14, 1072, 22, 'Transit', 1),
(15, 1015, 34, 'Transit', 0),
(16, 1074, 11, 'Arrival', 1),
(17, 1063, 97, 'Arrival', 0),
(18, 1065, 108, 'Transit', 1),
(19, 1024, 51, 'Transit', 0),
(20, 1036, 109, 'Transit', 0),
(21, 1024, 77, 'Check-in', 0),
(22, 1104, 26, 'Check-in', 0),
(23, 1101, 18, 'Arrival', 0),
(24, 1001, 48, 'Check-in', 0),
(25, 1007, 50, 'Arrival', 0),
(26, 1104, 72, 'Check-in', 0),
(27, 1021, 24, 'Transit', 1),
(28, 1028, 37, 'Transit', 0),
(29, 1002, 76, 'Check-in', 0),
(30, 1007, 47, 'Arrival', 1),
(31, 1100, 46, 'Arrival', 0),
(32, 1084, 97, 'Transit', 1),
(33, 1038, 35, 'Check-in', 1),
(34, 1048, 106, 'Check-in', 0),
(35, 1101, 72, 'Transit', 1),
(36, 1045, 28, 'Check-in', 0),
(37, 1094, 25, 'Transit', 0),
(38, 1086, 12, 'Check-in', 1),
(39, 1028, 19, 'Transit', 0),
(40, 1063, 27, 'Arrival', 0),
(41, 1026, 73, 'Arrival', 0),
(42, 1032, 23, 'Check-in', 1),
(43, 1103, 75, 'Check-in', 0),
(44, 1022, 48, 'Check-in', 1),
(45, 1038, 33, 'Arrival', 0),
(46, 1098, 44, 'Arrival', 1),
(47, 1055, 72, 'Arrival', 1),
(48, 1088, 111, 'Arrival', 0),
(49, 1036, 95, 'Transit', 0),
(50, 1032, 63, 'Arrival', 1),
(51, 1006, 91, 'Arrival', 0),
(52, 1077, 3, 'Transit', 0),
(53, 1016, 12, 'Arrival', 1),
(54, 1073, 28, 'Check-in', 1),
(55, 1077, 41, 'Check-in', 0),
(56, 1058, 104, 'Transit', 1),
(57, 1042, 90, 'Transit', 0),
(58, 1102, 41, 'Transit', 0),
(59, 1019, 10, 'Transit', 0),
(60, 1046, 23, 'Arrival', 1),
(61, 1026, 58, 'Check-in', 0),
(62, 1105, 85, 'Arrival', 1),
(63, 1057, 14, 'Transit', 0),
(64, 1020, 6, 'Arrival', 1),
(65, 1004, 70, 'Arrival', 0),
(66, 1026, 53, 'Arrival', 0),
(67, 1001, 45, 'Arrival', 1),
(68, 1068, 22, 'Transit', 1),
(69, 1070, 46, 'Transit', 1),
(70, 1001, 49, 'Transit', 1),
(71, 1020, 90, 'Transit', 0),
(72, 1018, 87, 'Check-in', 1),
(73, 1056, 38, 'Transit', 1),
(74, 1077, 55, 'Arrival', 1),
(75, 1055, 47, 'Check-in', 1),
(76, 1001, 42, 'Transit', 0),
(77, 1046, 28, 'Arrival', 0),
(78, 1105, 7, 'Arrival', 1),
(79, 1033, 59, 'Check-in', 0),
(80, 1044, 71, 'Arrival', 0),
(81, 1038, 59, 'Arrival', 1);


-- INSERT statements for Security Table
INSERT INTO `Security` (`Security_ID`, `Passenger_ID`, `Screening_Status`, `Customs_Check`) VALUES
(5001, 1073, 'Pending', 1),
(5002, 1022, 'Denied', 0),
(5003, 1061, 'Cleared', 1),
(5004, 1006, 'Denied', 0),
(5005, 1034, 'Denied', 0),
(5006, 1034, 'Pending', 1),
(5007, 1034, 'Pending', 1),
(5008, 1071, 'Pending', 0),
(5009, 1057, 'Pending', 1),
(5010, 1055, 'Pending', 0),
(5011, 1061, 'Pending', 0),
(5012, 1058, 'Denied', 0),
(5013, 1059, 'Cleared', 0),
(5014, 1010, 'Cleared', 0),
(5015, 1079, 'Pending', 1),
(5016, 1065, 'Denied', 0),
(5017, 1085, 'Denied', 0),
(5018, 1034, 'Pending', 0),
(5019, 1063, 'Pending', 1),
(5020, 1064, 'Denied', 0),
(5021, 1026, 'Pending', 0),
(5022, 1060, 'Pending', 1),
(5023, 1053, 'Denied', 0),
(5024, 1107, 'Cleared', 1),
(5025, 1049, 'Denied', 1),
(5026, 1063, 'Denied', 1),
(5027, 1038, 'Denied', 1),
(5028, 1097, 'Cleared', 1),
(5029, 1048, 'Denied', 0),
(5030, 1027, 'Pending', 0),
(5031, 1073, 'Denied', 0),
(5032, 1098, 'Pending', 1),
(5033, 1082, 'Pending', 0),
(5034, 1063, 'Denied', 0),
(5035, 1014, 'Cleared', 1),
(5036, 1082, 'Cleared', 1),
(5037, 1013, 'Cleared', 0),
(5038, 1056, 'Denied', 0),
(5039, 1003, 'Cleared', 1),
(5040, 1086, 'Denied', 0),
(5041, 1046, 'Pending', 0),
(5042, 1050, 'Cleared', 0),
(5043, 1063, 'Denied', 0),
(5044, 1014, 'Pending', 0),
(5045, 1079, 'Denied', 0),
(5046, 1083, 'Denied', 0),
(5047, 1083, 'Pending', 1),
(5048, 1010, 'Denied', 0),
(5049, 1064, 'Pending', 1),
(5050, 1043, 'Denied', 1),
(5051, 1095, 'Cleared', 0),
(5052, 1035, 'Denied', 0),
(5053, 1013, 'Denied', 1),
(5054, 1054, 'Cleared', 0),
(5055, 1032, 'Denied', 1),
(5056, 1075, 'Denied', 0),
(5057, 1020, 'Cleared', 1),
(5058, 1023, 'Denied', 1),
(5059, 1005, 'Pending', 0),
(5060, 1099, 'Cleared', 1),
(5061, 1060, 'Cleared', 1),
(5062, 1087, 'Pending', 1),
(5063, 1052, 'Cleared', 0),
(5064, 1060, 'Denied', 0),
(5065, 1010, 'Pending', 1),
(5066, 1071, 'Cleared', 0),
(5067, 1011, 'Pending', 1),
(5068, 1079, 'Denied', 1),
(5069, 1079, 'Cleared', 0),
(5070, 1024, 'Pending', 0),
(5071, 1056, 'Pending', 0),
(5072, 1036, 'Cleared', 0),
(5073, 1016, 'Pending', 0),
(5074, 1043, 'Cleared', 0),
(5075, 1008, 'Pending', 1),
(5076, 1010, 'Cleared', 1),
(5077, 1066, 'Cleared', 1),
(5078, 1087, 'Denied', 0),
(5079, 1001, 'Pending', 1),
(5080, 1075, 'Pending', 1),
(5081, 1040, 'Cleared', 0),
(5082, 1020, 'Cleared', 0),
(5083, 1105, 'Cleared', 1),
(5084, 1091, 'Pending', 1),
(5085, 1045, 'Cleared', 1),
(5086, 1048, 'Cleared', 1),
(5087, 1101, 'Cleared', 0),
(5088, 1037, 'Denied', 0),
(5089, 1088, 'Pending', 0),
(5090, 1029, 'Denied', 0),
(5091, 1079, 'Denied', 0),
(5092, 1087, 'Cleared', 0),
(5093, 1006, 'Cleared', 0),
(5094, 1024, 'Denied', 1),
(5095, 1102, 'Pending', 0),
(5096, 1102, 'Pending', 0),
(5097, 1016, 'Pending', 0),
(5098, 1009, 'Denied', 0),
(5099, 1103, 'Pending', 0),
(5100, 1035, 'Pending', 0),
(5101, 1011, 'Denied', 1);




-- INSERT statements for Maintenance Table
INSERT INTO `Maintenance` (`Aircraft_ID`, `Maintenance_Status`, `Fueling_Status`, `Flight_ID`) VALUES
('A320-4', 'Scheduled', 'Pending', 61),
('A320-5', 'Completed', 'Done', 54),
('A320-3', 'Completed', 'Done', 79),
('A320-4', 'Pending', 'Done', 27),
('A320-3', 'In Progress', 'Done', 11),
('A320-4', 'Scheduled', 'Done', 47),
('A320-3', 'In Progress', 'Done', 61),
('A320-1', 'Pending', 'Done', 46),
('A320-2', 'Pending', 'In Progress', 63),
('A320-3', 'In Progress', 'Pending', 31),
('A320-3', 'In Progress', 'In Progress', 46),
('A320-2', 'Scheduled', 'In Progress', 76),
('A320-3', 'Completed', 'In Progress', 26),
('A320-5', 'Pending', 'Pending', 38),
('A320-2', 'In Progress', 'In Progress', 26),
('A320-3', 'In Progress', 'Pending', 9),
('A320-3', 'Completed', 'Done', 51),
('A320-2', 'Completed', 'In Progress', 88),
('A320-4', 'In Progress', 'Pending', 56),
('A320-5', 'Completed', 'In Progress', 4),
('A320-1', 'Scheduled', 'In Progress', 14),
('A320-4', 'Scheduled', 'Done', 71),
('A320-2', 'Pending', 'In Progress', 58),
('A320-4', 'In Progress', 'Done', 80),
('A320-4', 'In Progress', 'In Progress', 84),
('A320-3', 'Pending', 'Pending', 28),
('A320-2', 'Pending', 'Done', 59),
('A320-3', 'Completed', 'Done', 55),
('A320-4', 'Completed', 'Pending', 56),
('A320-3', 'In Progress', 'Done', 11),
('A320-2', 'Completed', 'In Progress', 29),
('A320-5', 'In Progress', 'Pending', 98),
('A320-2', 'In Progress', 'Done', 56),
('A320-2', 'Completed', 'In Progress', 42),
('A320-1', 'In Progress', 'Pending', 27),
('A320-2', 'In Progress', 'Done', 35),
('A320-2', 'Scheduled', 'Done', 38),
('A320-2', 'Completed', 'Pending', 37),
('A320-3', 'Completed', 'In Progress', 28),
('A320-5', 'In Progress', 'In Progress', 38),
('A320-2', 'Pending', 'In Progress', 53),
('A320-5', 'Scheduled', 'Pending', 60),
('A320-4', 'In Progress', 'Done', 57),
('A320-2', 'Scheduled', 'Done', 41),
('A320-1', 'Completed', 'In Progress', 36),
('A320-4', 'Scheduled', 'Done', 82),
('A320-1', 'Pending', 'In Progress', 28),
('A320-4', 'Pending', 'Done', 76),
('A320-2', 'Scheduled', 'Pending', 93),
('A320-3', 'Completed', 'In Progress', 100),
('A320-2', 'Pending', 'Pending', 11),
('A320-4', 'Pending', 'In Progress', 73),
('A320-1', 'Completed', 'In Progress', 56),
('A320-1', 'In Progress', 'In Progress', 66),
('A320-5', 'Pending', 'Done', 21),
('A320-5', 'Pending', 'Done', 43),
('A320-4', 'Completed', 'Pending', 7),
('A320-4', 'Pending', 'Done', 64),
('A320-1', 'Pending', 'In Progress', 17),
('A320-5', 'Completed', 'Done', 27),
('A320-2', 'In Progress', 'Pending', 6),
('A320-4', 'Scheduled', 'In Progress', 47),
('A320-4', 'Scheduled', 'Pending', 43),
('A320-5', 'Scheduled', 'Pending', 20),
('A320-1', 'Completed', 'Done', 33),
('A320-3', 'In Progress', 'Done', 84),
('A320-3', 'Pending', 'In Progress', 86),
('A320-2', 'Completed', 'Pending', 39),
('A320-4', 'Scheduled', 'Done', 18),
('A320-3', 'In Progress', 'In Progress', 94),
('A320-5', 'In Progress', 'In Progress', 15),
('A320-3', 'Completed', 'Pending', 15),
('A320-2', 'Scheduled', 'Pending', 64),
('A320-1', 'Pending', 'In Progress', 88),
('A320-5', 'Completed', 'Pending', 83),
('A320-1', 'In Progress', 'In Progress', 16),
('A320-5', 'Completed', 'Done', 16),
('A320-3', 'In Progress', 'Pending', 78),
('A320-3', 'Completed', 'Done', 16),
('A320-4', 'Completed', 'Done', 16),
('A320-1', 'In Progress', 'Done', 57),
('A320-1', 'Pending', 'Done', 40),
('A320-3', 'Completed', 'Done', 59),
('A320-1', 'In Progress', 'In Progress', 83),
('A320-1', 'In Progress', 'Done', 14),
('A320-2', 'Completed', 'Done', 19),
('A320-1', 'Pending', 'In Progress', 2),
('A320-2', 'In Progress', 'Pending', 75),
('A320-2', 'Pending', 'In Progress', 67),
('A320-1', 'Scheduled', 'Pending', 61),
('A320-1', 'Completed', 'In Progress', 82),
('A320-4', 'Pending', 'Pending', 11),
('A320-2', 'In Progress', 'Done', 29),
('A320-3', 'Scheduled', 'Pending', 98);


-- INSERT statements for Airport_Facilities Table
INSERT INTO `Airport_Facilities` (`Facility_ID`, `Facility_Type`, `Location`, `Availability`) VALUES
(4001, 'Check-in Counter', 'R2', 1),
(4002, 'Lounge', 'G6', 0),
(4003, 'Terminal', 'G20', 1),
(4004, 'Terminal', 'B18', 0),
(4005, 'Baggage Claim', 'P7', 0),
(4006, 'Parking', 'G3', 0),
(4007, 'Gate', 'G19', 0),
(4008, 'Gate', 'L18', 0),
(4009, 'Lounge', 'R12', 0),
(4010, 'Lounge', 'B17', 1),
(4011, 'Gate', 'T17', 1),
(4012, 'Parking', 'T8', 0),
(4013, 'Lounge', 'B20', 1),
(4014, 'Parking', 'R8', 0),
(4015, 'Runway', 'R7', 0),
(4016, 'Gate', 'G14', 0),
(4017, 'Parking', 'C11', 0),
(4018, 'Baggage Claim', 'L1', 0),
(4019, 'Parking', 'P15', 0),
(4020, 'Terminal', 'R4', 0),
(4021, 'Lounge', 'C11', 0),
(4022, 'Terminal', 'B1', 0),
(4023, 'Lounge', 'G15', 0),
(4024, 'Terminal', 'R15', 0),
(4025, 'Gate', 'T3', 1),
(4026, 'Runway', 'B7', 0),
(4027, 'Lounge', 'G3', 0),
(4028, 'Runway', 'G3', 1),
(4029, 'Baggage Claim', 'R12', 0),
(4030, 'Parking', 'G11', 1),
(4031, 'Lounge', 'G18', 1),
(4032, 'Gate', 'L13', 0),
(4033, 'Gate', 'G6', 1),
(4034, 'Terminal', 'T1', 1),
(4035, 'Terminal', 'P3', 0),
(4036, 'Check-in Counter', 'C15', 0),
(4037, 'Check-in Counter', 'P10', 0),
(4038, 'Terminal', 'B1', 0),
(4039, 'Gate', 'G16', 0),
(4040, 'Baggage Claim', 'B19', 1),
(4041, 'Runway', 'R14', 1),
(4042, 'Lounge', 'B5', 0),
(4043, 'Runway', 'T10', 0),
(4044, 'Runway', 'C15', 0),
(4045, 'Baggage Claim', 'R18', 0),
(4046, 'Lounge', 'T13', 0),
(4047, 'Runway', 'T3', 0),
(4048, 'Gate', 'B4', 0),
(4049, 'Runway', 'R5', 1),
(4050, 'Baggage Claim', 'R12', 0),
(4051, 'Runway', 'C5', 0),
(4052, 'Gate', 'B12', 0),
(4053, 'Terminal', 'P8', 0),
(4054, 'Lounge', 'P2', 0),
(4055, 'Runway', 'C20', 0),
(4056, 'Runway', 'P16', 0),
(4057, 'Runway', 'R14', 1),
(4058, 'Lounge', 'L5', 0),
(4059, 'Runway', 'L3', 0),
(4060, 'Check-in Counter', 'C8', 0),
(4061, 'Lounge', 'R7', 0),
(4062, 'Check-in Counter', 'C3', 1),
(4063, 'Lounge', 'C7', 1),
(4064, 'Terminal', 'T4', 0),
(4065, 'Check-in Counter', 'P17', 1),
(4066, 'Gate', 'B10', 1),
(4067, 'Lounge', 'P18', 1),
(4068, 'Terminal', 'T20', 1),
(4069, 'Lounge', 'R20', 0),
(4070, 'Runway', 'R9', 0),
(4071, 'Baggage Claim', 'P7', 0),
(4072, 'Runway', 'P9', 1),
(4073, 'Baggage Claim', 'C20', 0),
(4074, 'Terminal', 'P20', 0),
(4075, 'Parking', 'R5', 1),
(4076, 'Runway', 'G13', 0),
(4077, 'Runway', 'G6', 0),
(4078, 'Baggage Claim', 'C15', 0),
(4079, 'Gate', 'P19', 0),
(4080, 'Terminal', 'C19', 0),
(4081, 'Gate', 'R18', 0),
(4082, 'Baggage Claim', 'T5', 0),
(4083, 'Lounge', 'T19', 1),
(4084, 'Lounge', 'P3', 0),
(4085, 'Terminal', 'R18', 0),
(4086, 'Gate', 'T7', 1),
(4087, 'Lounge', 'C9', 1),
(4088, 'Parking', 'P6', 0),
(4089, 'Lounge', 'P7', 0),
(4090, 'Baggage Claim', 'P5', 0),
(4091, 'Baggage Claim', 'B18', 0),
(4092, 'Runway', 'R9', 0),
(4093, 'Baggage Claim', 'P13', 0),
(4094, 'Runway', 'C8', 0),
(4095, 'Check-in Counter', 'R9', 0),
(4096, 'Runway', 'P10', 1),
(4097, 'Gate', 'C10', 1),
(4098, 'Gate', 'G12', 0),
(4099, 'Terminal', 'T12', 0),
(4100, 'Parking', 'G9', 0),
(4101, 'Gate', 'C2', 0),
(4102, 'Runway', 'T11', 0),
(4103, 'Lounge', 'P16', 0),
(4104, 'Gate', 'B3', 0),
(4105, 'Check-in Counter', 'B1', 0),
(4106, 'Parking', 'T19', 0),
(4107, 'Gate', 'R7', 1),
(4108, 'Parking', 'B5', 1),
(4109, 'Lounge', 'R9', 0),
(4110, 'Baggage Claim', 'P15', 1),
(4111, 'Lounge', 'T9', 1),
(4112, 'Baggage Claim', 'C19', 0);



-- INSERT statements for Flight_Facility_Usage Table (Flight_ID 1-100, Facility_ID 4001-4080)
INSERT INTO `Flight_Facility_Usage` (`Usage_ID`, `Flight_ID`, `Facility_ID`, `Usage_Type`, `Usage_Time`) VALUES
(1, 19, 4054, 'Check-in Counter', '2024-02-10 00:00:00'),
(2, 19, 4074, 'Lounge', '2024-02-10 01:00:00'),
(3, 38, 4008, 'Lounge', '2024-02-10 02:00:00'),
(4, 4, 4020, 'Gate', '2024-02-10 03:00:00'),
(5, 74, 4073, 'Gate', '2024-02-10 04:00:00'),
(6, 5, 4026, 'Check-in Counter', '2024-02-10 05:00:00'),
(7, 71, 4057, 'Gate', '2024-02-10 06:00:00'),
(8, 59, 4020, 'Lounge', '2024-02-10 07:00:00'),
(9, 99, 4033, 'Check-in Counter', '2024-02-10 08:00:00'),
(10, 30, 4079, 'Lounge', '2024-02-10 09:00:00');



-- INSERT statements for Aircraft_Types
INSERT INTO `Aircraft_Types` (`Aircraft_Type_ID`, `Airline_Code`, `Aircraft_Model`) VALUES
('A320-1', 'AI97', 'Boeing 777'),
('A320-2', 'AI72', 'Airbus A350'),
('A320-3', 'AI83', 'Airbus A320'),
('A320-4', 'AI82', 'Airbus A320'),
('A320-5', 'AI31', 'Airbus A350');

-- INSERT statements for Flight_Delays
INSERT INTO `Flight_Delays` (`Delay_ID`, `Flight_ID`, `Delay_Reason`, `Delay_Duration`) VALUES
(1, 58, 'Crew Shortage', 94),
(2, 5, 'Technical Issue', 52),
(3, 70, 'Technical Issue', 35),
(4, 67, 'Crew Shortage', 98),
(5, 33, 'Crew Shortage', 101);

-- INSERT statements for Incident_Reports Table
INSERT INTO `Incident_Reports` (`Incident_ID`, `Security_ID`, `Incident_Details`) VALUES
(1, 5018, 'Security breach'),
(2, 5032, 'Suspicious baggage'),
(3, 5056, 'Unauthorized passenger'),
(4, 5007, 'Suspicious baggage'),
(5, 5074, 'Security breach');



-- INSERT statements for Weather_Records
INSERT INTO `Weather_Records` (`Weather_ID`, `Maintenance_ID`, `Weather_Impact`) VALUES
(1, 303, 'Strong winds'),
(2, 292, 'Foggy conditions'),
(3, 417, 'Strong winds'),
(4, 389, 'Strong winds'),
(5, 400, 'Foggy conditions');

